Aneurin,3333,Aneurin Morrow,คมนาคม,staff,images/default.png,13/9/2022,14:37:14,,,0,0
Annabel,6321,Annabel Dejesus,บริหารกิจกรรมนิสิต,staff,images/default.png,27/10/2022,03:24:35,,,0,0
Caprice,7432,Caprice Snider,คมนาคม,staff,images/default.png,11/7/2022,12:56:16,,,0,0
Cohen,4444,Ophelia Cohen,,user,images/Cohen_Pic.jpeg,21/10/2022,03:15:53,,,0,0
Correa,7222,Moses Correa,,user,images/Correa_Pic.jpeg,21/10/2022,02:56:00,,,0,0
Davie,31234,Hendrix Davie,,user,images/Davie_Pic.jpg,21/10/2022,03:59:16,,,0,0
Donaldson,612312,Maximilian Donaldson,,user,images/Donaldson_Pic.jpeg,21/10/2022,02:57:21,,,0,0
Fritz,1123,Reeva Fritz,,user,images/Fritz_Pic.jpeg,21/10/2022,02:58:17,,,0,0
Henrietta,2123,Henrietta Ryan,คมนาคม,staff,images/default.png,21/10/2022,12:37:12,,,0,0
Isabella,154,Isabella Berg,คมนาคม,staff,images/default.png,21/10/2022,03:24:17,,,0,0
Jefferson,10334,Shivam Jefferson,,user,images/Jefferson_Pic.jpeg,21/10/2022,02:59:16,,,0,0
Kameron,4123,Kameron Schaefer,บริหารกิจกรรมนิสิต,staff,images/default.png,03/5/2022,05:33:19,,,0,0
Lennon,21234,Alfred Lennon,,user,images/Lennon_Pic.jpeg,21/10/2022,02:59:51,,,0,0
Ruby,143,Ruby-Leigh Frye,การช่าง,staff,images/default.png,21/10/2022,12:02:01,,,0,0
Salter,8111,Jimmie Salter,,user,images/Salter_Pic.jpeg,21/10/2022,03:00:20,,,0,0
Shaquille,5123,Shaquille Wilson,บริหารกิจกรรมนิสิต,staff,images/default.png,22/7/2022,10:13:27,,,0,0
Tab,813,Ta Deck,สาธารณะสุขทาง,staff,images/default.png,19/9/2022,08:17:58,,,0,0
Tabitha,8123,Tabitha Deacon,คมนาคม,staff,images/default.png,19/9/2022,08:17:58,,,0,0
Tam,6221,Tam Mursky,สาธารณะสุข,staff,images/default.png,27/10/2022,03:24:35,,,0,0
Tiw,44,Tiw ra,สาธารณะสุข,staff,images/default.png,08/10/2022,11:15:54,,,0,0
Tiwaru,9444,Tiwaru arai,คมนาคม,staff,images/default.png,08/10/2022,11:15:54,,,0,0
Watt,91233,Alyce Watt,,user,images/Watt_Pic.jpeg,21/10/2022,03:01:21,,,0,0
Weeks,4123,Cai Weeks,,user,images/Weeks_Pic.jpeg,21/10/2022,03:02:14,,,0,0
admin,1,admin,,admin,images/default.png,21/10/2022,10:51:39,,,0,0
iNeedSleep,nosleep,Kieren Kumar,การช่าง,staff,images/default.png,12/8/2022,11:05:18,,,0,0
monzalnw,lnwmon14,Monsak Nantes,การช่าง,staff,images/default.png,09/6/2022,11:03:08,,,0,0
petermon,montrainer81,Pongsak Trin,การจัดการความสะอาด,staff,images/default.png,28/5/2022,02:08:25,,,0,0
qwe,qwe,qwe,การจัดการความสะอาด,staff,images/default.png,,,,,0,0
somchai141,141somsom,Somchai,การจัดการความสะอาด,staff,images/default.png,01/10/2022,02:17:36,,,0,0
sower76123,rewso67,Peter Sow,การจัดการความสะอาด,staff,images/default.png,01/10/2022,12:53:18,,,0,0
